,name,filename
0,discovery_dataset,/uufs/chpc.utah.edu/common/home/u6057318/Documents/ISCVAM_thanh_update/data/demo/test_discover_42.h5
1,PBMC_multiome,/uufs/chpc.utah.edu/common/home/u6057318/Documents/ISCVAM_thanh_update/data/demo/PBMC_multiome_2.h5
2,internal_validation,/uufs/chpc.utah.edu/common/home/u6057318/Documents/ISCVAM_thanh_update/data/demo/internal_validation_multiome_5.h5
3,GSE189341-acral-sc-old,/uufs/chpc.utah.edu/common/home/ychen-group1/ISCVAM_thanh_update/orchestration/docker_files/compose/datasets/GSE189341.h5
4,GSE189341-acral-sc,/uufs/chpc.utah.edu/common/home/ychen-group1/ISCVAM_thanh_update/orchestration/docker_files/compose/datasets/GSE189341.add.cts.1.h5
5,UVM_GSE169609,/uufs/chpc.utah.edu/common/home/ychen-group1/ISCVAM_thanh_update/orchestration/docker_files/compose/datasets/UVM_GSE169609.h5
6,UVM_GSE160883,/uufs/chpc.utah.edu/common/home/ychen-group1/ISCVAM_thanh_update/orchestration/docker_files/compose/datasets/UVM_GSE160883.h5
7,UVM_GSE138433,/uufs/chpc.utah.edu/common/home/ychen-group1/ISCVAM_thanh_update/orchestration/docker_files/compose/datasets/UVM_GSE138433.h5
8,SKCM_GSE179373,/uufs/chpc.utah.edu/common/home/ychen-group1/ISCVAM_thanh_update/orchestration/docker_files/compose/datasets/SKCM_GSE179373.h5
9,SKCM_GSE166181_aPD1,/uufs/chpc.utah.edu/common/home/ychen-group1/ISCVAM_thanh_update/orchestration/docker_files/compose/datasets/SKCM_GSE166181_aPD1.h5
10,SKCM_GSE159251,/uufs/chpc.utah.edu/common/home/ychen-group1/ISCVAM_thanh_update/orchestration/docker_files/compose/datasets/SKCM_GSE159251.h5
11,SKCM_GSE148190,/uufs/chpc.utah.edu/common/home/ychen-group1/ISCVAM_thanh_update/orchestration/docker_files/compose/datasets/SKCM_GSE148190.h5
12,SKCM_GSE139249,/uufs/chpc.utah.edu/common/home/ychen-group1/ISCVAM_thanh_update/orchestration/docker_files/compose/datasets/SKCM_GSE139249.h5
13,SKCM_GSE134388_aPD1,/uufs/chpc.utah.edu/common/home/ychen-group1/ISCVAM_thanh_update/orchestration/docker_files/compose/datasets/SKCM_GSE134388_aPD1.h5
14,SKCM_GSE123139,/uufs/chpc.utah.edu/common/home/ychen-group1/ISCVAM_thanh_update/orchestration/docker_files/compose/datasets/SKCM_GSE123139.h5
15,SKCM_GSE120575_aPD1aCTLA4,/uufs/chpc.utah.edu/common/home/ychen-group1/ISCVAM_thanh_update/orchestration/docker_files/compose/datasets/SKCM_GSE120575_aPD1aCTLA4.h5
16,SKCM_GSE72056,/uufs/chpc.utah.edu/common/home/ychen-group1/ISCVAM_thanh_update/orchestration/docker_files/compose/datasets/SKCM_GSE72056.h5
17,SKCM_GSE115978_aPD1,/uufs/chpc.utah.edu/common/home/ychen-group1/ISCVAM_thanh_update/orchestration/docker_files/compose/datasets/SKCM_GSE115978_aPD1.h5
18,UVM_GSE139829_update.curated,/uufs/chpc.utah.edu/common/home/ychen-group1/ISCVAM_thanh_update/orchestration/docker_files/compose/datasets/UVM_GSE139829_update.endo.1.h5
19,UVM_GSE139829_2stages,/uufs/chpc.utah.edu/common/home/ychen-group1/ISCVAM_thanh_update/orchestration/docker_files/compose/datasets/UVM_GSE139829.endo.h5
20,UVM_GSE139829,/uufs/chpc.utah.edu/common/home/ychen-group1/ISCVAM_thanh_update/orchestration/docker_files/compose/datasets/UVM_GSE139829.h5
21,KIRC_GSE159115,/uufs/chpc.utah.edu/common/home/ychen-group1/ISCVAM_thanh_update/orchestration/docker_files/compose/datasets/KIRC_GSE159115.h5
22,BRCA GSE148673,/uufs/chpc.utah.edu/common/home/ychen-group1/ISCVAM_thanh_update/orchestration/docker_files/compose/datasets/BRCA_GSE148673_3.h5
23,Acral melanoma,/uufs/chpc.utah.edu/common/home/ychen-group1/ISCVAM_thanh_update/orchestration/docker_files/compose/datasets/GSE189889_acral_2101.debatched.iscva.h5
24,Smalley project,/uufs/chpc.utah.edu/common/home/ychen-group1/ISCVAM_thanh_update/orchestration/docker_files/compose/datasets/Smalley_update_h5.h5
25,SKCM_GSE115978_aPD1.pipeline,/uufs/chpc.utah.edu/common/home/ychen-group1/ISCVAM_complied_h5/SKCM_GSE115978_aPD1.pipeline.4.h5
26,AEL_GSE142213.pipeline,/uufs/chpc.utah.edu/common/home/ychen-group1/ISCVAM_complied_h5/iscvam_complied_h5/AEL_GSE142213.pipeline.h5
27,ALL_GSE132509.pipeline,/uufs/chpc.utah.edu/common/home/ychen-group1/ISCVAM_complied_h5/iscvam_complied_h5/ALL_GSE132509.pipeline.h5
28,ALL_GSE153697.pipeline,/uufs/chpc.utah.edu/common/home/ychen-group1/ISCVAM_complied_h5/iscvam_complied_h5/ALL_GSE153697.pipeline.h5
29,AML_GSE116256.pipeline,/uufs/chpc.utah.edu/common/home/ychen-group1/ISCVAM_complied_h5/iscvam_complied_h5/AML_GSE116256.pipeline.h5
30,AML_GSE135851.pipeline,/uufs/chpc.utah.edu/common/home/ychen-group1/ISCVAM_complied_h5/iscvam_complied_h5/AML_GSE135851.pipeline.h5
31,AML_GSE147989.pipeline,/uufs/chpc.utah.edu/common/home/ychen-group1/ISCVAM_complied_h5/iscvam_complied_h5/AML_GSE147989.pipeline.h5
32,AML_GSE154109.pipeline,/uufs/chpc.utah.edu/common/home/ychen-group1/ISCVAM_complied_h5/iscvam_complied_h5/AML_GSE154109.pipeline.h5
33,BLCA_GSE130001.pipeline,/uufs/chpc.utah.edu/common/home/ychen-group1/ISCVAM_complied_h5/iscvam_complied_h5/BLCA_GSE130001.pipeline.h5
34,BLCA_GSE145281_aPDL1.pipeline,/uufs/chpc.utah.edu/common/home/ychen-group1/ISCVAM_complied_h5/iscvam_complied_h5/BLCA_GSE145281_aPDL1.pipeline.h5
35,BLCA_GSE149652.pipeline,/uufs/chpc.utah.edu/common/home/ychen-group1/ISCVAM_complied_h5/iscvam_complied_h5/BLCA_GSE149652.pipeline.h5
36,BRCA_GSE110686.pipeline,/uufs/chpc.utah.edu/common/home/ychen-group1/ISCVAM_complied_h5/iscvam_complied_h5/BRCA_GSE110686.pipeline.h5
37,BRCA_GSE114727_inDrop.pipeline,/uufs/chpc.utah.edu/common/home/ychen-group1/ISCVAM_complied_h5/iscvam_complied_h5/BRCA_GSE114727_inDrop.pipeline.h5
38,BRCA_GSE138536.pipeline,/uufs/chpc.utah.edu/common/home/ychen-group1/ISCVAM_complied_h5/iscvam_complied_h5/BRCA_GSE138536.pipeline.h5
39,BRCA_GSE143423.pipeline,/uufs/chpc.utah.edu/common/home/ychen-group1/ISCVAM_complied_h5/iscvam_complied_h5/BRCA_GSE143423.pipeline.h5
40,BRCA_GSE148673.pipeline,/uufs/chpc.utah.edu/common/home/ychen-group1/ISCVAM_complied_h5/iscvam_complied_h5/BRCA_GSE148673.pipeline.h5
41,BRCA_GSE150660.pipeline,/uufs/chpc.utah.edu/common/home/ychen-group1/ISCVAM_complied_h5/iscvam_complied_h5/BRCA_GSE150660.pipeline.h5
42,BRCA_SRP114962.pipeline,/uufs/chpc.utah.edu/common/home/ychen-group1/ISCVAM_complied_h5/iscvam_complied_h5/BRCA_SRP114962.pipeline.h5
43,CHOL_GSE125449_aPD1aPDL1aCTLA4.pipeline,/uufs/chpc.utah.edu/common/home/ychen-group1/ISCVAM_complied_h5/iscvam_complied_h5/CHOL_GSE125449_aPD1aPDL1aCTLA4.pipeline.h5
44,CHOL_GSE138709.pipeline,/uufs/chpc.utah.edu/common/home/ychen-group1/ISCVAM_complied_h5/iscvam_complied_h5/CHOL_GSE138709.pipeline.h5
45,CHOL_GSE142784.pipeline,/uufs/chpc.utah.edu/common/home/ychen-group1/ISCVAM_complied_h5/iscvam_complied_h5/CHOL_GSE142784.pipeline.h5
46,CLL_GSE111014.pipeline,/uufs/chpc.utah.edu/common/home/ychen-group1/ISCVAM_complied_h5/iscvam_complied_h5/CLL_GSE111014.pipeline.h5
47,CLL_GSE142744.pipeline,/uufs/chpc.utah.edu/common/home/ychen-group1/ISCVAM_complied_h5/iscvam_complied_h5/CLL_GSE142744.pipeline.h5
48,CLL_GSE152469.pipeline,/uufs/chpc.utah.edu/common/home/ychen-group1/ISCVAM_complied_h5/iscvam_complied_h5/CLL_GSE152469.pipeline.h5
49,CLL_GSE159417.pipeline,/uufs/chpc.utah.edu/common/home/ychen-group1/ISCVAM_complied_h5/iscvam_complied_h5/CLL_GSE159417.pipeline.h5
50,CRC_GSE108989.pipeline,/uufs/chpc.utah.edu/common/home/ychen-group1/ISCVAM_complied_h5/iscvam_complied_h5/CRC_GSE108989.pipeline.h5
51,CRC_GSE112865_mouse_aPD1.pipeline,/uufs/chpc.utah.edu/common/home/ychen-group1/ISCVAM_complied_h5/iscvam_complied_h5/CRC_GSE112865_mouse_aPD1.pipeline.h5
52,CRC_GSE120909_mouse_aPD1.pipeline,/uufs/chpc.utah.edu/common/home/ychen-group1/ISCVAM_complied_h5/iscvam_complied_h5/CRC_GSE120909_mouse_aPD1.pipeline.h5
53,CRC_GSE122969_mouse_aPD1aTIM3.pipeline,/uufs/chpc.utah.edu/common/home/ychen-group1/ISCVAM_complied_h5/iscvam_complied_h5/CRC_GSE122969_mouse_aPD1aTIM3.pipeline.h5
54,CRC_GSE139555.pipeline,/uufs/chpc.utah.edu/common/home/ychen-group1/ISCVAM_complied_h5/iscvam_complied_h5/CRC_GSE139555.pipeline.h5
55,CRC_GSE146771_Smartseq2.pipeline,/uufs/chpc.utah.edu/common/home/ychen-group1/ISCVAM_complied_h5/iscvam_complied_h5/CRC_GSE146771_Smartseq2.pipeline.h5
56,CRC_GSE179784.pipeline,/uufs/chpc.utah.edu/common/home/ychen-group1/ISCVAM_complied_h5/iscvam_complied_h5/CRC_GSE179784.pipeline.h5
57,DLBC_GSE175510.pipeline,/uufs/chpc.utah.edu/common/home/ychen-group1/ISCVAM_complied_h5/iscvam_complied_h5/DLBC_GSE175510.pipeline.h5
58,ESCA_GSE154763.pipeline,/uufs/chpc.utah.edu/common/home/ychen-group1/ISCVAM_complied_h5/iscvam_complied_h5/ESCA_GSE154763.pipeline.h5
59,ESCA_GSE173950.pipeline,/uufs/chpc.utah.edu/common/home/ychen-group1/ISCVAM_complied_h5/iscvam_complied_h5/ESCA_GSE173950.pipeline.h5
60,GCTB_GSE168664.pipeline,/uufs/chpc.utah.edu/common/home/ychen-group1/ISCVAM_complied_h5/iscvam_complied_h5/GCTB_GSE168664.pipeline.h5
61,GIST_GSE162115.pipeline,/uufs/chpc.utah.edu/common/home/ychen-group1/ISCVAM_complied_h5/iscvam_complied_h5/GIST_GSE162115.pipeline.h5
62,Glioma_GSE102130.pipeline,/uufs/chpc.utah.edu/common/home/ychen-group1/ISCVAM_complied_h5/iscvam_complied_h5/Glioma_GSE102130.pipeline.h5
63,Glioma_GSE103224.pipeline,/uufs/chpc.utah.edu/common/home/ychen-group1/ISCVAM_complied_h5/iscvam_complied_h5/Glioma_GSE103224.pipeline.h5
64,Glioma_GSE131928_10X.pipeline,/uufs/chpc.utah.edu/common/home/ychen-group1/ISCVAM_complied_h5/iscvam_complied_h5/Glioma_GSE131928_10X.pipeline.h5
65,Glioma_GSE131928_Smartseq2.pipeline,/uufs/chpc.utah.edu/common/home/ychen-group1/ISCVAM_complied_h5/iscvam_complied_h5/Glioma_GSE131928_Smartseq2.pipeline.h5
66,Glioma_GSE135437.pipeline,/uufs/chpc.utah.edu/common/home/ychen-group1/ISCVAM_complied_h5/iscvam_complied_h5/Glioma_GSE135437.pipeline.h5
67,Glioma_GSE138794.pipeline,/uufs/chpc.utah.edu/common/home/ychen-group1/ISCVAM_complied_h5/iscvam_complied_h5/Glioma_GSE138794.pipeline.h5
68,Glioma_GSE139448.pipeline,/uufs/chpc.utah.edu/common/home/ychen-group1/ISCVAM_complied_h5/iscvam_complied_h5/Glioma_GSE139448.pipeline.h5
69,Glioma_GSE141383.pipeline,/uufs/chpc.utah.edu/common/home/ychen-group1/ISCVAM_complied_h5/iscvam_complied_h5/Glioma_GSE141383.pipeline.h5
70,Glioma_GSE141460.pipeline,/uufs/chpc.utah.edu/common/home/ychen-group1/ISCVAM_complied_h5/iscvam_complied_h5/Glioma_GSE141460.pipeline.h5
71,Glioma_GSE141982.pipeline,/uufs/chpc.utah.edu/common/home/ychen-group1/ISCVAM_complied_h5/iscvam_complied_h5/Glioma_GSE141982.pipeline.h5
72,Glioma_GSE148842.pipeline,/uufs/chpc.utah.edu/common/home/ychen-group1/ISCVAM_complied_h5/iscvam_complied_h5/Glioma_GSE148842.pipeline.h5
73,Glioma_GSE162631.pipeline,/uufs/chpc.utah.edu/common/home/ychen-group1/ISCVAM_complied_h5/iscvam_complied_h5/Glioma_GSE162631.pipeline.h5
74,Glioma_GSE163108_10X.pipeline,/uufs/chpc.utah.edu/common/home/ychen-group1/ISCVAM_complied_h5/iscvam_complied_h5/Glioma_GSE163108_10X.pipeline.h5
75,Glioma_GSE163108_Smartseq2.pipeline,/uufs/chpc.utah.edu/common/home/ychen-group1/ISCVAM_complied_h5/iscvam_complied_h5/Glioma_GSE163108_Smartseq2.pipeline.h5
76,Glioma_GSE70630.pipeline,/uufs/chpc.utah.edu/common/home/ychen-group1/ISCVAM_complied_h5/iscvam_complied_h5/Glioma_GSE70630.pipeline.h5
77,Glioma_GSE84465.pipeline,/uufs/chpc.utah.edu/common/home/ychen-group1/ISCVAM_complied_h5/iscvam_complied_h5/Glioma_GSE84465.pipeline.h5
78,Glioma_GSE89567.pipeline,/uufs/chpc.utah.edu/common/home/ychen-group1/ISCVAM_complied_h5/iscvam_complied_h5/Glioma_GSE89567.pipeline.h5
79,HNSC_GSE103322.pipeline,/uufs/chpc.utah.edu/common/home/ychen-group1/ISCVAM_complied_h5/iscvam_complied_h5/HNSC_GSE103322.pipeline.h5
80,KICH_GSE159115.pipeline,/uufs/chpc.utah.edu/common/home/ychen-group1/ISCVAM_complied_h5/iscvam_complied_h5/KICH_GSE159115.pipeline.h5
81,KIPAN_GSE159913.pipeline,/uufs/chpc.utah.edu/common/home/ychen-group1/ISCVAM_complied_h5/iscvam_complied_h5/KIPAN_GSE159913.pipeline.h5
82,KIRC_GSE121636.pipeline,/uufs/chpc.utah.edu/common/home/ychen-group1/ISCVAM_complied_h5/iscvam_complied_h5/KIRC_GSE121636.pipeline.h5
83,KIRC_GSE145281_aPDL1.pipeline,/uufs/chpc.utah.edu/common/home/ychen-group1/ISCVAM_complied_h5/iscvam_complied_h5/KIRC_GSE145281_aPDL1.pipeline.h5
84,KIRC_GSE171306.pipeline,/uufs/chpc.utah.edu/common/home/ychen-group1/ISCVAM_complied_h5/iscvam_complied_h5/KIRC_GSE171306.pipeline.h5
85,LIHC_GSE125449_aPDL1aCTLA4.pipeline,/uufs/chpc.utah.edu/common/home/ychen-group1/ISCVAM_complied_h5/iscvam_complied_h5/LIHC_GSE125449_aPDL1aCTLA4.pipeline.h5
86,LIHC_GSE140228_Smartseq2.pipeline,/uufs/chpc.utah.edu/common/home/ychen-group1/ISCVAM_complied_h5/iscvam_complied_h5/LIHC_GSE140228_Smartseq2.pipeline.h5
87,LIHC_GSE146115.pipeline,/uufs/chpc.utah.edu/common/home/ychen-group1/ISCVAM_complied_h5/iscvam_complied_h5/LIHC_GSE146115.pipeline.h5
88,LIHC_GSE146409.pipeline,/uufs/chpc.utah.edu/common/home/ychen-group1/ISCVAM_complied_h5/iscvam_complied_h5/LIHC_GSE146409.pipeline.h5
89,LIHC_GSE179795.pipeline,/uufs/chpc.utah.edu/common/home/ychen-group1/ISCVAM_complied_h5/iscvam_complied_h5/LIHC_GSE179795.pipeline.h5
90,LIHC_GSE98638.pipeline,/uufs/chpc.utah.edu/common/home/ychen-group1/ISCVAM_complied_h5/iscvam_complied_h5/LIHC_GSE98638.pipeline.h5
91,LSCC_GSE150321.pipeline,/uufs/chpc.utah.edu/common/home/ychen-group1/ISCVAM_complied_h5/iscvam_complied_h5/LSCC_GSE150321.pipeline.h5
92,MB_GSE119926.pipeline,/uufs/chpc.utah.edu/common/home/ychen-group1/ISCVAM_complied_h5/iscvam_complied_h5/MB_GSE119926.pipeline.h5
93,MB_GSE155446.pipeline,/uufs/chpc.utah.edu/common/home/ychen-group1/ISCVAM_complied_h5/iscvam_complied_h5/MB_GSE155446.pipeline.h5
94,MCC_GSE117988_aPD1aCTLA4.pipeline,/uufs/chpc.utah.edu/common/home/ychen-group1/ISCVAM_complied_h5/iscvam_complied_h5/MCC_GSE117988_aPD1aCTLA4.pipeline.h5
95,MCC_GSE118056_aPDL1.pipeline,/uufs/chpc.utah.edu/common/home/ychen-group1/ISCVAM_complied_h5/iscvam_complied_h5/MCC_GSE118056_aPDL1.pipeline.h5
96,MF_GSE173820.pipeline,/uufs/chpc.utah.edu/common/home/ychen-group1/ISCVAM_complied_h5/iscvam_complied_h5/MF_GSE173820.pipeline.h5
97,MM_GSE117156.pipeline,/uufs/chpc.utah.edu/common/home/ychen-group1/ISCVAM_complied_h5/iscvam_complied_h5/MM_GSE117156.pipeline.h5
98,MM_GSE141299.pipeline,/uufs/chpc.utah.edu/common/home/ychen-group1/ISCVAM_complied_h5/iscvam_complied_h5/MM_GSE141299.pipeline.h5
99,MM_GSE143317.pipeline,/uufs/chpc.utah.edu/common/home/ychen-group1/ISCVAM_complied_h5/iscvam_complied_h5/MM_GSE143317.pipeline.h5
100,MM_GSE154763.pipeline,/uufs/chpc.utah.edu/common/home/ychen-group1/ISCVAM_complied_h5/iscvam_complied_h5/MM_GSE154763.pipeline.h5
101,MPNST_GSE165826.pipeline,/uufs/chpc.utah.edu/common/home/ychen-group1/ISCVAM_complied_h5/iscvam_complied_h5/MPNST_GSE165826.pipeline.h5
102,NB_GSE154037.pipeline,/uufs/chpc.utah.edu/common/home/ychen-group1/ISCVAM_complied_h5/iscvam_complied_h5/NB_GSE154037.pipeline.h5
103,NET_GSE140312.pipeline,/uufs/chpc.utah.edu/common/home/ychen-group1/ISCVAM_complied_h5/iscvam_complied_h5/NET_GSE140312.pipeline.h5
104,Neurofibroma_GSE163028.pipeline,/uufs/chpc.utah.edu/common/home/ychen-group1/ISCVAM_complied_h5/iscvam_complied_h5/Neurofibroma_GSE163028.pipeline.h5
105,NHL_GSE147944.pipeline,/uufs/chpc.utah.edu/common/home/ychen-group1/ISCVAM_complied_h5/iscvam_complied_h5/NHL_GSE147944.pipeline.h5
106,NPC_GSE150430.pipeline,/uufs/chpc.utah.edu/common/home/ychen-group1/ISCVAM_complied_h5/iscvam_complied_h5/NPC_GSE150430.pipeline.h5
107,NSCLC_EMTAB6149.pipeline,/uufs/chpc.utah.edu/common/home/ychen-group1/ISCVAM_complied_h5/iscvam_complied_h5/NSCLC_EMTAB6149.pipeline.h5
108,NSCLC_GSE117570.pipeline,/uufs/chpc.utah.edu/common/home/ychen-group1/ISCVAM_complied_h5/iscvam_complied_h5/NSCLC_GSE117570.pipeline.h5
109,NSCLC_GSE127471.pipeline,/uufs/chpc.utah.edu/common/home/ychen-group1/ISCVAM_complied_h5/iscvam_complied_h5/NSCLC_GSE127471.pipeline.h5
110,NSCLC_GSE146100.pipeline,/uufs/chpc.utah.edu/common/home/ychen-group1/ISCVAM_complied_h5/iscvam_complied_h5/NSCLC_GSE146100.pipeline.h5
111,NSCLC_GSE149655.pipeline,/uufs/chpc.utah.edu/common/home/ychen-group1/ISCVAM_complied_h5/iscvam_complied_h5/NSCLC_GSE149655.pipeline.h5
112,NSCLC_GSE150660.pipeline,/uufs/chpc.utah.edu/common/home/ychen-group1/ISCVAM_complied_h5/iscvam_complied_h5/NSCLC_GSE150660.pipeline.h5
113,NSCLC_GSE151537.pipeline,/uufs/chpc.utah.edu/common/home/ychen-group1/ISCVAM_complied_h5/iscvam_complied_h5/NSCLC_GSE151537.pipeline.h5
114,NSCLC_GSE153935.pipeline,/uufs/chpc.utah.edu/common/home/ychen-group1/ISCVAM_complied_h5/iscvam_complied_h5/NSCLC_GSE153935.pipeline.h5
115,NSCLC_GSE179373.pipeline,/uufs/chpc.utah.edu/common/home/ychen-group1/ISCVAM_complied_h5/iscvam_complied_h5/NSCLC_GSE179373.pipeline.h5
116,NSCLC_GSE99254.pipeline,/uufs/chpc.utah.edu/common/home/ychen-group1/ISCVAM_complied_h5/iscvam_complied_h5/NSCLC_GSE99254.pipeline.h5
117,OV_GSE115007.pipeline,/uufs/chpc.utah.edu/common/home/ychen-group1/ISCVAM_complied_h5/iscvam_complied_h5/OV_GSE115007.pipeline.h5
118,OV_GSE118828.pipeline,/uufs/chpc.utah.edu/common/home/ychen-group1/ISCVAM_complied_h5/iscvam_complied_h5/OV_GSE118828.pipeline.h5
119,OV_GSE130000.pipeline,/uufs/chpc.utah.edu/common/home/ychen-group1/ISCVAM_complied_h5/iscvam_complied_h5/OV_GSE130000.pipeline.h5
120,OV_GSE147082.pipeline,/uufs/chpc.utah.edu/common/home/ychen-group1/ISCVAM_complied_h5/iscvam_complied_h5/OV_GSE147082.pipeline.h5
121,OV_GSE154763.pipeline,/uufs/chpc.utah.edu/common/home/ychen-group1/ISCVAM_complied_h5/iscvam_complied_h5/OV_GSE154763.pipeline.h5
122,PAAD_GSE111672.pipeline,/uufs/chpc.utah.edu/common/home/ychen-group1/ISCVAM_complied_h5/iscvam_complied_h5/PAAD_GSE111672.pipeline.h5
123,PAAD_GSE141017.pipeline,/uufs/chpc.utah.edu/common/home/ychen-group1/ISCVAM_complied_h5/iscvam_complied_h5/PAAD_GSE141017.pipeline.h5
124,PAAD_GSE148673.pipeline,/uufs/chpc.utah.edu/common/home/ychen-group1/ISCVAM_complied_h5/iscvam_complied_h5/PAAD_GSE148673.pipeline.h5
125,PAAD_GSE154763.pipeline,/uufs/chpc.utah.edu/common/home/ychen-group1/ISCVAM_complied_h5/iscvam_complied_h5/PAAD_GSE154763.pipeline.h5
126,PAAD_GSE154778.pipeline,/uufs/chpc.utah.edu/common/home/ychen-group1/ISCVAM_complied_h5/iscvam_complied_h5/PAAD_GSE154778.pipeline.h5
127,PAAD_GSE158356.pipeline,/uufs/chpc.utah.edu/common/home/ychen-group1/ISCVAM_complied_h5/iscvam_complied_h5/PAAD_GSE158356.pipeline.h5
128,PAAD_GSE165399.pipeline,/uufs/chpc.utah.edu/common/home/ychen-group1/ISCVAM_complied_h5/iscvam_complied_h5/PAAD_GSE165399.pipeline.h5
129,PBMC_30K.pipeline,/uufs/chpc.utah.edu/common/home/ychen-group1/ISCVAM_complied_h5/iscvam_complied_h5/PBMC_30K.pipeline.h5
130,PBMC_8K.pipeline,/uufs/chpc.utah.edu/common/home/ychen-group1/ISCVAM_complied_h5/iscvam_complied_h5/PBMC_8K.pipeline.h5
131,PPB_GSE163678.pipeline,/uufs/chpc.utah.edu/common/home/ychen-group1/ISCVAM_complied_h5/iscvam_complied_h5/PPB_GSE163678.pipeline.h5
132,PRAD_GSE141445.pipeline,/uufs/chpc.utah.edu/common/home/ychen-group1/ISCVAM_complied_h5/iscvam_complied_h5/PRAD_GSE141445.pipeline.h5
133,PRAD_GSE143791.pipeline,/uufs/chpc.utah.edu/common/home/ychen-group1/ISCVAM_complied_h5/iscvam_complied_h5/PRAD_GSE143791.pipeline.h5
134,PRAD_GSE150692.pipeline,/uufs/chpc.utah.edu/common/home/ychen-group1/ISCVAM_complied_h5/iscvam_complied_h5/PRAD_GSE150692.pipeline.h5
135,PRAD_GSE176031.pipeline,/uufs/chpc.utah.edu/common/home/ychen-group1/ISCVAM_complied_h5/iscvam_complied_h5/PRAD_GSE176031.pipeline.h5
136,SARC_GSE119352_mouse_aPD1aCTLA4.pipeline,/uufs/chpc.utah.edu/common/home/ychen-group1/ISCVAM_complied_h5/iscvam_complied_h5/SARC_GSE119352_mouse_aPD1aCTLA4.pipeline.h5
137,SCLC_GSE150766.pipeline,/uufs/chpc.utah.edu/common/home/ychen-group1/ISCVAM_complied_h5/iscvam_complied_h5/SCLC_GSE150766.pipeline.h5
138,SKCM_GSE120575_aPD1aCTLA4.pipeline,/uufs/chpc.utah.edu/common/home/ychen-group1/ISCVAM_complied_h5/iscvam_complied_h5/SKCM_GSE120575_aPD1aCTLA4.pipeline.h5
139,SKCM_GSE134388_aPD1.pipeline,/uufs/chpc.utah.edu/common/home/ychen-group1/ISCVAM_complied_h5/iscvam_complied_h5/SKCM_GSE134388_aPD1.pipeline.h5
140,SKCM_GSE166181_aPD1.pipeline,/uufs/chpc.utah.edu/common/home/ychen-group1/ISCVAM_complied_h5/iscvam_complied_h5/SKCM_GSE166181_aPD1.pipeline.h5
141,SKCM_GSE179373.pipeline,/uufs/chpc.utah.edu/common/home/ychen-group1/ISCVAM_complied_h5/iscvam_complied_h5/SKCM_GSE179373.pipeline.h5
142,SS_GSE131309_10X.pipeline,/uufs/chpc.utah.edu/common/home/ychen-group1/ISCVAM_complied_h5/iscvam_complied_h5/SS_GSE131309_10X.pipeline.h5
143,SS_GSE131309_Smartseq2.pipeline,/uufs/chpc.utah.edu/common/home/ychen-group1/ISCVAM_complied_h5/iscvam_complied_h5/SS_GSE131309_Smartseq2.pipeline.h5
144,STAD_GSE134520.pipeline,/uufs/chpc.utah.edu/common/home/ychen-group1/ISCVAM_complied_h5/iscvam_complied_h5/STAD_GSE134520.pipeline.h5
145,STAD_GSE167297.pipeline,/uufs/chpc.utah.edu/common/home/ychen-group1/ISCVAM_complied_h5/iscvam_complied_h5/STAD_GSE167297.pipeline.h5
146,THCA_GSE154763.pipeline,/uufs/chpc.utah.edu/common/home/ychen-group1/ISCVAM_complied_h5/iscvam_complied_h5/THCA_GSE154763.pipeline.h5
147,THCA_GSE163203.pipeline,/uufs/chpc.utah.edu/common/home/ychen-group1/ISCVAM_complied_h5/iscvam_complied_h5/THCA_GSE163203.pipeline.h5
148,UCEC_GSE139555.pipeline,/uufs/chpc.utah.edu/common/home/ychen-group1/ISCVAM_complied_h5/iscvam_complied_h5/UCEC_GSE139555.pipeline.h5
149,UCEC_GSE154763.pipeline,/uufs/chpc.utah.edu/common/home/ychen-group1/ISCVAM_complied_h5/iscvam_complied_h5/UCEC_GSE154763.pipeline.h5
150,UVM_GSE138433.pipeline,/uufs/chpc.utah.edu/common/home/ychen-group1/ISCVAM_complied_h5/iscvam_complied_h5/UVM_GSE138433.pipeline.h5
151,UVM_GSE160883.pipeline,/uufs/chpc.utah.edu/common/home/ychen-group1/ISCVAM_complied_h5/iscvam_complied_h5/UVM_GSE160883.pipeline.h5
152,UVM_GSE169609.pipeline,/uufs/chpc.utah.edu/common/home/ychen-group1/ISCVAM_complied_h5/iscvam_complied_h5/UVM_GSE169609.pipeline.h5
153,BCC_GSE123813_aPD1.pipeline,/uufs/chpc.utah.edu/common/home/ychen-group1/ISCVAM_complied_h5/iscvam_complied_h5/BCC_GSE123813_aPD1.pipeline.h5
154,BCC_GSE141526.pipeline,/uufs/chpc.utah.edu/common/home/ychen-group1/ISCVAM_complied_h5/iscvam_complied_h5/BCC_GSE141526.pipeline.h5
155,CLL_GSE125881.pipeline,/uufs/chpc.utah.edu/common/home/ychen-group1/ISCVAM_complied_h5/iscvam_complied_h5/CLL_GSE125881.pipeline.h5
156,CLL_GSE132065.pipeline,/uufs/chpc.utah.edu/common/home/ychen-group1/ISCVAM_complied_h5/iscvam_complied_h5/CLL_GSE132065.pipeline.h5
157,CRC_GSE146771_10X.pipeline,/uufs/chpc.utah.edu/common/home/ychen-group1/ISCVAM_complied_h5/iscvam_complied_h5/CRC_GSE146771_10X.pipeline.h5
158,HB_GSE180665.pipeline,/uufs/chpc.utah.edu/common/home/ychen-group1/ISCVAM_complied_h5/iscvam_complied_h5/HB_GSE180665.pipeline.h5
159,HNSC_GSE180268.pipeline,/uufs/chpc.utah.edu/common/home/ychen-group1/ISCVAM_complied_h5/iscvam_complied_h5/HNSC_GSE180268.pipeline.h5
160,KIRC_GSE139555.pipeline,/uufs/chpc.utah.edu/common/home/ychen-group1/ISCVAM_complied_h5/iscvam_complied_h5/KIRC_GSE139555.pipeline.h5
161,LIHC_GSE140228_10X.pipeline,/uufs/chpc.utah.edu/common/home/ychen-group1/ISCVAM_complied_h5/iscvam_complied_h5/LIHC_GSE140228_10X.pipeline.h5
162,OS_GSE162454.pipeline,/uufs/chpc.utah.edu/common/home/ychen-group1/ISCVAM_complied_h5/iscvam_complied_h5/OS_GSE162454.pipeline.h5
163,OSCC_GSE172577.pipeline,/uufs/chpc.utah.edu/common/home/ychen-group1/ISCVAM_complied_h5/iscvam_complied_h5/OSCC_GSE172577.pipeline.h5
164,OV_GSE151214.pipeline,/uufs/chpc.utah.edu/common/home/ychen-group1/ISCVAM_complied_h5/iscvam_complied_h5/OV_GSE151214.pipeline.h5
165,OV_GSE154600.pipeline,/uufs/chpc.utah.edu/common/home/ychen-group1/ISCVAM_complied_h5/iscvam_complied_h5/OV_GSE154600.pipeline.h5
166,PAAD_CRA001160.pipeline,/uufs/chpc.utah.edu/common/home/ychen-group1/ISCVAM_complied_h5/iscvam_complied_h5/PAAD_CRA001160.pipeline.h5
167,SKCM_GSE139249.pipeline,/uufs/chpc.utah.edu/common/home/ychen-group1/ISCVAM_complied_h5/iscvam_complied_h5/SKCM_GSE139249.pipeline.h5
168,multiome_discovery,/uufs/chpc.utah.edu/common/home/ychen-group1/ISCVAM_complied_h5/discovery.github.h5
169,multiome_int.validation,/uufs/chpc.utah.edu/common/home/ychen-group1/ISCVAM_complied_h5/int.validation_github.test.h5
170,multiome_PBMC,/uufs/chpc.utah.edu/common/home/ychen-group1/ISCVAM_complied_h5/PBMC_multiome_github.h5
171,BRCA_GSE176078.pipeline,/uufs/chpc.utah.edu/common/home/ychen-group1/ISCVAM_complied_h5/BRCA_GSE176078.pipeline.h5
172,CRC_GSE136394.pipeline,/uufs/chpc.utah.edu/common/home/ychen-group1/ISCVAM_complied_h5/CRC_GSE136394.pipeline.h5
173,CRC_GSE166555.pipeline,/uufs/chpc.utah.edu/common/home/ychen-group1/ISCVAM_complied_h5/CRC_GSE166555.pipeline.h5
174,HNSC_GSE139324.pipeline,/uufs/chpc.utah.edu/common/home/ychen-group1/ISCVAM_complied_h5/HNSC_GSE139324.pipeline.h5
175,MM_GSE161801.pipeline,/uufs/chpc.utah.edu/common/home/ychen-group1/ISCVAM_complied_h5/MM_GSE161801.pipeline.h5
176,MM_GSE175385.pipeline,/uufs/chpc.utah.edu/common/home/ychen-group1/ISCVAM_complied_h5/MM_GSE175385.pipeline.h5
177,NPC_GSE162025.pipeline,/uufs/chpc.utah.edu/common/home/ychen-group1/ISCVAM_complied_h5/NPC_GSE162025.pipeline.h5
178,NSCLC_GSE139555.pipeline,/uufs/chpc.utah.edu/common/home/ychen-group1/ISCVAM_complied_h5/NSCLC_GSE139555.pipeline.h5
179,NSCLC_GSE148071.pipeline,/uufs/chpc.utah.edu/common/home/ychen-group1/ISCVAM_complied_h5/NSCLC_GSE148071.pipeline.h5
180,NSCLC_GSE162498.pipeline,/uufs/chpc.utah.edu/common/home/ychen-group1/ISCVAM_complied_h5/NSCLC_GSE162498.pipeline.h5
181,OV_GSE158722.pipeline,/uufs/chpc.utah.edu/common/home/ychen-group1/ISCVAM_complied_h5/OV_GSE158722.pipeline.h5
182,PBMC_60K.pipeline,/uufs/chpc.utah.edu/common/home/ychen-group1/ISCVAM_complied_h5/PBMC_60K.pipeline.h5
183,PRAD_GSE172301.pipeline,/uufs/chpc.utah.edu/common/home/ychen-group1/ISCVAM_complied_h5/PRAD_GSE172301.pipeline.h5
184,RB_GSE166173.pipeline,/uufs/chpc.utah.edu/common/home/ychen-group1/ISCVAM_complied_h5/RB_GSE166173.pipeline.h5
185,SKCM_GSE159251.pipeline,/uufs/chpc.utah.edu/common/home/ychen-group1/ISCVAM_complied_h5/SKCM_GSE159251.pipeline.h5
186,UVM_GSE139829.pipeline,/uufs/chpc.utah.edu/common/home/ychen-group1/ISCVAM_complied_h5/UVM_GSE139829.pipeline.h5
187,BRCA_GSE161529.pipeline,/uufs/chpc.utah.edu/common/home/ychen-group1/ISCVAM_complied_h5/BRCA_GSE161529.pipeline.h5
188,ESCA_GSE160269.pipeline,/uufs/chpc.utah.edu/common/home/ychen-group1/ISCVAM_complied_h5/ESCA_GSE160269.pipeline.h5
189,ALL_GSE154109.pipeline,/uufs/chpc.utah.edu/common/home/ychen-group1/ISCVAM_complied_h5/ALL_GSE154109.pipeline.h5
190,BRCA_EMTAB8107.pipeline,/uufs/chpc.utah.edu/common/home/ychen-group1/ISCVAM_complied_h5/BRCA_EMTAB8107.pipeline.h5
191,BRCA_GSE114727_10X.pipeline,/uufs/chpc.utah.edu/common/home/ychen-group1/ISCVAM_complied_h5/BRCA_GSE114727_10X.pipeline.h5
192,BRCA_GSE136206_mouse_aPD1aCTLA4.pipeline,/uufs/chpc.utah.edu/common/home/ychen-group1/ISCVAM_complied_h5/BRCA_GSE136206_mouse_aPD1aCTLA4.pipeline.h5
193,CESC_GSE168652.pipeline,/uufs/chpc.utah.edu/common/home/ychen-group1/ISCVAM_complied_h5/CESC_GSE168652.pipeline.h5
194,CRC_EMTAB8107.pipeline,/uufs/chpc.utah.edu/common/home/ychen-group1/ISCVAM_complied_h5/CRC_EMTAB8107.pipeline.h5
195,KIPAN_GSE154763.pipeline,/uufs/chpc.utah.edu/common/home/ychen-group1/ISCVAM_complied_h5/KIPAN_GSE154763.pipeline.h5
196,KIRC_GSE111360.pipeline,/uufs/chpc.utah.edu/common/home/ychen-group1/ISCVAM_complied_h5/KIRC_GSE111360.pipeline.h5
197,KIRC_GSE159115.pipeline,/uufs/chpc.utah.edu/common/home/ychen-group1/ISCVAM_complied_h5/KIRC_GSE159115.pipeline.h5
198,LIHC_GSE166635.pipeline,/uufs/chpc.utah.edu/common/home/ychen-group1/ISCVAM_complied_h5/LIHC_GSE166635.pipeline.h5
199,MF_GSE165623.pipeline,/uufs/chpc.utah.edu/common/home/ychen-group1/ISCVAM_complied_h5/MF_GSE165623.pipeline.h5
200,MM_GSE151310.pipeline,/uufs/chpc.utah.edu/common/home/ychen-group1/ISCVAM_complied_h5/MM_GSE151310.pipeline.h5
201,MM_GSE164551.pipeline,/uufs/chpc.utah.edu/common/home/ychen-group1/ISCVAM_complied_h5/MM_GSE164551.pipeline.h5
202,NHL_GSE128531.pipeline,/uufs/chpc.utah.edu/common/home/ychen-group1/ISCVAM_complied_h5/NHL_GSE128531.pipeline.h5
203,NSCLC_GSE127465.pipeline,/uufs/chpc.utah.edu/common/home/ychen-group1/ISCVAM_complied_h5/NSCLC_GSE127465.pipeline.h5
204,OV_EMTAB8107.pipeline,/uufs/chpc.utah.edu/common/home/ychen-group1/ISCVAM_complied_h5/OV_EMTAB8107.pipeline.h5
205,PAAD_GSE162708.pipeline,/uufs/chpc.utah.edu/common/home/ychen-group1/ISCVAM_complied_h5/PAAD_GSE162708.pipeline.h5
206,PCFCL_GSE173820.pipeline,/uufs/chpc.utah.edu/common/home/ychen-group1/ISCVAM_complied_h5/PCFCL_GSE173820.pipeline.h5
207,PRAD_GSE137829.pipeline,/uufs/chpc.utah.edu/common/home/ychen-group1/ISCVAM_complied_h5/PRAD_GSE137829.pipeline.h5
208,SCC_GSE123813_aPD1.pipeline,/uufs/chpc.utah.edu/common/home/ychen-group1/ISCVAM_complied_h5/SCC_GSE123813_aPD1.pipeline.h5
209,SCC_GSE144236.pipeline,/uufs/chpc.utah.edu/common/home/ychen-group1/ISCVAM_complied_h5/SCC_GSE144236.pipeline.h5
210,SCC_GSE145328.pipeline,/uufs/chpc.utah.edu/common/home/ychen-group1/ISCVAM_complied_h5/SCC_GSE145328.pipeline.h5
211,SKCM_GSE148190.pipeline,/uufs/chpc.utah.edu/common/home/ychen-group1/ISCVAM_complied_h5/SKCM_GSE148190.pipeline.h5
212,NSCLC_GSE143423.pipeline,/uufs/chpc.utah.edu/common/home/ychen-group1/ISCVAM_complied_h5/NSCLC_GSE143423.pipeline.h5
213,THCA_GSE148673.pipeline,/uufs/chpc.utah.edu/common/home/ychen-group1/ISCVAM_complied_h5/THCA_GSE148673.pipeline.h5
214,SKCM_GSE123139.pipeline,/uufs/chpc.utah.edu/common/home/ychen-group1/ISCVAM_complied_h5/SKCM_GSE123139.pipeline.h5
